"Domain","Page Rank Visual","Page Rank Value (Rounded)","Page Rank Value"
"247.ai","","6/10","5.68"
"angel.co","","7/10","6.87"
"33across.com","","6/10","5.68"
"3dsystems.com","","6/10","5.85"
"3alitytechnica.com","","4/10","4.34"
"us.4d.com","","5/10","4.53"
"4info.com","","5/10","5.28"
"a10networks.com","","5/10","5.38"
"aciworldwide.com","","5/10","5.42"
"adaranetworks.com","","5/10","4.57"
"apc.com","","6/10","5.94"
"arcos-inc.com","","5/10","4.72"
"asg.com","","5/10","5.37"
"att.com","","7/10","6.65"
"elemental.com","","5/10","5.19"
"abacusnext.com","","6/10","5.62"
"abbott.com","","6/10","6.12"
"accordent.com","","5/10","5.2"
"accusystem.com","","4/10","4.19"
"boards.greenhouse.io","","6/10","5.97"
"accusoft.com","","6/10","6.16"
"acorns.com","","6/10","6.16"
"adobe.com","","8/10","7.88"
"actian.com","","5/10","5.48"
"actifio.com","","5/10","5.46"
"epicor.com","","5/10","5.44"
"activenetwork.com","","6/10","5.66"
"opentext.com","","6/10","6.04"
"acumatica.com","","6/10","5.69"
"acxiom.com","","6/10","5.78"
"google.com","","10/10","10"
"careers.microsoft.com","","6/10","5.94"
"adaptiveplanning.com","","5/10","4.9"
"addepar.com","","6/10","5.59"
"adeptia.com","","5/10","5.04"
"aditi.com","","5/10","4.8"
"quantum.com","","6/10","5.62"
"adventhealth.com","","6/10","5.63"
"quest.com","","6/10","5.68"
"aestiva.com","","4/10","4.02"
"afiniti.com","","5/10","5.13"
"agiloft.com","","5/10","5.12"
"agilysys.com","","5/10","5"
"aha.io","","6/10","5.92"
"silive.com","","6/10","6.15"
"airbiquity.com","","5/10","5.49"
"descartes.com","","5/10","5.49"
"airship.com","","5/10","5.47"
"mckinsey.com","","7/10","7.01"
"rocketsoftware.com","","6/10","5.66"
"alfresco.com","","6/10","5.72"
"alientechnology.com","","5/10","5.25"
"allegrodev.com","","5/10","4.68"
"allscripts.com","","6/10","5.51"
"alphaeon.com","","5/10","4.56"
"altair.com","","6/10","5.63"
"altametrics.com","","5/10","5.06"
"alteryx.com","","6/10","5.58"
"altium.com","","6/10","5.68"
"altoros.com","","5/10","5.47"
"aboutamazon.com","","6/10","5.81"
"amazon.jobs","","6/10","6.24"
"e2open.com","","5/10","5.22"
"amdocs.com","","6/10","5.71"
"amenityanalytics.com","","5/10","5.1"
"ami.com","","6/10","5.56"
"business.amwell.com","","5/10","5.38"
"analytica.net","","5/10","4.82"
"anaplan.com","","6/10","5.7"
"ancestry.com","","6/10","6.44"
"indeed.com","","7/10","6.94"
"animoto.com","","7/10","7.3"
"animusic.com","","5/10","5.18"
"carolinerakip.com","","3/10","3.13"
"ansys.com","","6/10","5.96"
"glassdoor.com","","7/10","6.93"
"hyland.com","","5/10","5.25"
"apexlearning.com","","5/10","5.16"
"appdynamics.com","","6/10","5.84"
"appfolioinc.com","","5/10","5.42"
"appneta.com","","5/10","5.48"
"ivanti.com","","6/10","5.75"
"appsheet.com","","6/10","5.71"
"axway.com","","6/10","5.58"
"digital.ai","","5/10","5"
"applause.com","","5/10","5.38"
"apple.com","","8/10","8.01"
"appliedminds.com","","6/10","5.5"
"mastercardservices.com","","5/10","4.92"
"appliedscienceint.com","","4/10","3.85"
"apptio.com","","5/10","5.46"
"aptean.com","","5/10","4.91"
"apttus.com","","5/10","5.48"
"aquaveo.com","","5/10","5.16"
"aras.com","","5/10","5.22"
"arctg.com","","5/10","4.51"
"microfocus.com","","6/10","6.15"
"arcsoft.com","","5/10","5.45"
"adm.com","","6/10","5.69"
"studyisland.com","","5/10","5.14"
"intervalzero.com","","5/10","5.38"
"northamerica.altran.com","","5/10","4.72"
"support-en.wd.com","","5/10","5.33"
"arrayfire.com","","6/10","5.6"
"oracle.com","","7/10","7.28"
"asana.com","","7/10","6.76"
"ascentsolar.com","","5/10","4.85"
"aspect.com","","6/10","5.64"
"aspentech.com","","5/10","5.26"
"astrotech.com","","4/10","3.77"
"asuresoftware.com","","5/10","5.26"
"sumtotalsystems.com","","6/10","5.62"
"atavist.com","","6/10","5.87"
"atego.com","","5/10","4.87"
"aternity.com","","5/10","5.29"
"athenahealth.com","","6/10","5.66"
"atos-syntel.net","","4/10","4.12"
"microfocus.com","","6/10","6.15"
"att.jobs","","5/10","5.46"
"atypon.com","","5/10","4.93"
"augury.com","","6/10","5.5"
"auriga.com","","5/10","4.67"
"aurigo.com","","5/10","4.66"
"rockwellautomation.com","","6/10","5.9"
"autodesk.com","","7/10","6.6"
"automatedinsights.com","","6/10","5.88"
"smartbear.com","","6/10","5.86"
"automaticduck.com","","5/10","4.95"
"automationanywhere.com","","6/10","5.68"
"automattic.com","","7/10","7.29"
"asirobots.com","","5/10","5.46"
"avanade.com","","6/10","5.76"
"avaya.com","","6/10","5.93"
"avepoint.com","","6/10","5.63"
"aventri.com","","6/10","5.7"
"microsoft.com","","9/10","8.52"
"avid.com","","6/10","6.46"
"aware-inc.org","","4/10","4.12"
"awarenesstechnologies.com","","5/10","4.71"
"quest.com","","6/10","5.68"
"linkedin.com","","10/10","10"
"b2wsoftware.com","","5/10","4.98"
"3ds.com","","6/10","6.2"
"bmc.com","","6/10","5.9"
"sap.com","","7/10","6.87"
"balsamiq.com","","6/10","6.3"
"bamboohr.com","","6/10","6.05"
"bandwidth.com","","6/10","5.78"
"barebones.com","","6/10","6.29"
"salesforce.com","","7/10","7.49"
"boic.com","","5/10","5.41"
"riak.com","","5/10","5.42"
"basistech.com","","6/10","5.66"
"batchmaster.com","","5/10","5.19"
"beeline.com","","5/10","4.82"
"benchprep.com","","5/10","5.38"
"bentley.com","","6/10","6.18"
"proshipinc.com","","5/10","4.79"
"bettercloud.com","","6/10","5.61"
"bettrlife.com","","4/10","3.83"
"bigfix.com","","5/10","4.89"
"oracle.com","","7/10","7.28"
"billionsinchange.com","","5/10","5.12"
"bio-rad.com","","6/10","5.94"
"pfizer.com","","6/10","6.29"
"blackbaud.com","","7/10","6.63"
"careers.blackboard.com","","5/10","5.24"
"blackline.com","","5/10","5.47"
"spirent.com","","6/10","5.69"
"blockstream.com","","6/10","6.12"
"bloomfire.com","","5/10","5.32"
"bluemarblegeo.com","","6/10","5.79"
"bluelink.org","","4/10","4.06"
"bluestacks.com","","6/10","5.83"
"bluware.com","","5/10","5"
"bluebeam.com","","6/10","5.67"
"bluespacetech.com","","-","-"
"blumbergcapital.com","","5/10","5.31"
"boingo.com","","6/10","6.14"
"thebombfactory.com","","5/10","4.73"
"booker.com","","6/10","5.58"
"borisfx.com","","6/10","5.83"
"microfocus.com","","6/10","6.15"
"bourns.com","","5/10","5.4"
"brainshark.com","","6/10","6.25"
"brandfolder.com","","6/10","5.85"
"breakthroughcollaborative.org","","5/10","5.32"
"brightmachines.com","","5/10","5.04"
"brightcove.com","","6/10","6.33"
"broadcom.com","","6/10","5.99"
"bristol.cttech.org","","4/10","3.78"
"okcps.org","","6/10","5.58"
"broadleafcommerce.com","","5/10","5.42"
"bromium.com","","5/10","5.45"
"bronto.com","","5/10","5.45"
"bsquare.com","","5/10","5.2"
"buildium.com","","5/10","5.35"
"bullhorn.com","","6/10","5.78"
"bunchball.com","","6/10","5.62"
"bywatersolutions.com","","5/10","5.07"
"mastercard.us","","6/10","6.21"
"osfa.illinois.edu","","5/10","4.63"
"plm.automation.siemens.com","","6/10","5.88"
"cecoenviro.com","","5/10","4.73"
"infor.com","","6/10","5.87"
"chsinc.com","","5/10","5.3"
"ctera.com","","5/10","5.41"
"ctl.net","","5/10","5.03"
"cybra.com","","5/10","5.06"
"cadence.com","","6/10","5.85"
"cakewalk.com","","6/10","5.88"
"caliper.com","","6/10","5.84"
"careers.callminer.com","","3/10","3.48"
"callware.com","","4/10","4.4"
"cambiumlearning.com","","5/10","4.63"
"cambridgesemantics.com","","6/10","5.64"
"campusconsortium.org","","4/10","4.05"
"campusmanagement.com","","5/10","5.03"
"carahsoft.com","","5/10","5.31"
"carbonblack.com","","6/10","5.89"
"carbonite.com","","6/10","5.89"
"casebook.net","","5/10","5.38"
"caspio.com","","6/10","5.92"
"catalent.com","","6/10","5.56"
"opentext.com","","6/10","6.04"
"cellport.com","","3/10","3.28"
"centerspace.net","","5/10","4.68"
"centroinc.com","","4/10","3.96"
"cepstral.com","","5/10","4.86"
"ceridian.com","","6/10","5.89"
"cerner.com","","6/10","5.92"
"channeladvisor.com","","6/10","5.73"
"checkpoint.com","","7/10","6.59"
"culinaryschools.org","","5/10","5.48"
"cherry-world.com","","5/10","5.38"
"cherwell.com","","5/10","5.28"
"synopsys.com","","6/10","6.2"
"cincom.com","","5/10","5.1"
"aenetworks.com","","6/10","5.91"
"circlecommerce.com","","4/10","4.23"
"careers.smartrecruiters.com","","6/10","5.56"
"webex.com","","7/10","6.58"
"citrix.com","","6/10","6.38"
"civicplus.com","","6/10","5.75"
"clarifai.com","","6/10","5.63"
"claris.com","","6/10","5.57"
"clarizen.com","","6/10","5.51"
"classranked.com","","4/10","3.82"
"clearslide.com","","6/10","5.98"
"oracle.com","","7/10","7.28"
"cleo.com","","5/10","5.46"
"salesforce.com","","7/10","7.49"
"github.com","","9/10","8.78"
"getcloudapp.com","","6/10","6.29"
"cloudbees.com","","6/10","5.8"
"cloudendure.com","","5/10","5.23"
"cloudhealthtech.com","","5/10","5.49"
"cloudsight.ai","","5/10","5.39"
"cloudera.com","","6/10","6.06"
"cloudinary.com","","7/10","6.51"
"cloudwords.com","","5/10","5.09"
"cloverhealth.com","","6/10","5.52"
"clover.com","","6/10","6.35"
"clubhouse.io","","6/10","5.58"
"cockroachlabs.com","","6/10","5.58"
"coda.io","","6/10","5.87"
"codedx.com","","5/10","4.71"
"nuords.com","","4/10","4.01"
"code42.com","","6/10","5.83"
"codeweavers.com","","6/10","6.02"
"thalesgroup.com","","6/10","6.16"
"coherentsolutions.com","","5/10","4.92"
"collab.net","","6/10","5.78"
"collaboratemd.com","","5/10","4.73"
"collaborativedrug.com","","5/10","5.41"
"cologix.com","","5/10","5.32"
"credit-suisse.com","","6/10","6.36"
"commercehub.com","","5/10","5.2"
"careers.commvault.com","","4/10","3.76"
"comodo.com","","6/10","6.34"
"compucom.com","","5/10","5.4"
"compuware.com","","6/10","5.73"
"cmvt.com","","4/10","4.36"
"conductor.com","","6/10","5.69"
"connectbeam.com","","5/10","4.81"
"conservis.ag","","5/10","5"
"consoleconnect.com","","5/10","5.41"
"aptean.com","","5/10","4.91"
"contacttelecom.com","","4/10","3.94"
"contextlabs.com","","5/10","4.79"
"conversica.com","","5/10","5.37"
"conversocial.com","","6/10","5.75"
"convoy.com","","5/10","5.42"
"usajobs.gov","","6/10","6.18"
"coronalabs.com","","6/10","5.9"
"hugedomains.com","","6/10","6.22"
"coupa.com","","6/10","5.72"
"about.coursera.org","","6/10","5.72"
"covermymeds.com","","6/10","5.56"
"cisa.gov","","6/10","6.02"
"crowdoptic.com","","5/10","5.07"
"cupcakedigital.com","","4/10","4.3"
"cvent.com","","7/10","6.59"
"careers.cyberark.com","","4/10","3.94"
"datem.com","","4/10","4.3"
"db.com","","6/10","6.32"
"ddci.com","","4/10","4.47"
"dig64.org","","4/10","4.07"
"dnnsoftware.com","","6/10","5.71"
"dtvinnovations.com","","4/10","3.87"
"dailyjournal.com","","5/10","5.13"
"dakotasoft.com","","4/10","4.2"
"alejandrocremades.com","","5/10","5.34"
"daon.com","","5/10","4.9"
"dataart.com","","6/10","5.51"
"careers.linkedin.com","","5/10","5.38"
"datatreasury.com","","4/10","4.22"
"databricks.com","","6/10","5.85"
"datadoghq.com","","6/10","6.02"
"datalight.com","","5/10","5.45"
"datalogic.com","","5/10","4.9"
"ellucian.com","","6/10","6.06"
"daxcon.com","","3/10","3.44"
"daysmart.com","","5/10","5.17"
"daz3d.com","","6/10","5.85"
"garmin.com","","6/10","6.26"
"deacom.com","","5/10","5.18"
"dealpath.com","","5/10","5.27"
"emssoftware.com","","5/10","4.87"
"careers.ti.com","","5/10","4.85"
"deepwebtech.com","","5/10","5.15"
"deepscale.ai","","5/10","5.28"
"dejal.com","","6/10","5.61"
"delltechnologies.com","","6/10","5.96"
"dell.com","","7/10","6.81"
"salesforce.com","","7/10","7.49"
"democrasoft.com","","5/10","4.65"
"getsmarter.com","","5/10","5.49"
"deque.com","","6/10","6.08"
"wiris.com","","6/10","5.55"
"devar.org","","6/10","5.54"
"devicescape.com","","5/10","5.28"
"disti.com","","5/10","4.72"
"dialogic.com","","5/10","5.44"
"dieselpoint.com","","5/10","5.18"
"generalassemb.ly","","6/10","6.23"
"digitalguardian.com","","6/10","5.67"
"digitalkeystone.com","","4/10","4.32"
"digitalreasoning.com","","5/10","5.29"
"jobs.westerndigital.com","","5/10","5.11"
"digitalriver.com","","5/10","5.4"
"dimins.com","","5/10","5.4"
"asvott.com","","-","-"
"jobs.disneycareers.com","","6/10","5.6"
"dispersion.com","","4/10","4.1"
"diversifiedtechnology.net","","4/10","3.5"
"docmagic.com","","4/10","4.4"
"docker.com","","6/10","6.21"
"docusign.com","","7/10","6.51"
"sodapdf.com","","6/10","5.66"
"doradosoftware.com","","4/10","4.43"
"doximity.com","","6/10","6.13"
"crownek.com","","4/10","3.69"
"dreambox.com","","6/10","5.7"
"dreamfactory.com","","5/10","5.48"
"dreamhammer.com","","5/10","4.68"
"dropbox.com","","8/10","7.96"
"druglogic.com","","3/10","2.64"
"dtsearch.com","","5/10","5.13"
"dynamicyield.com","","6/10","5.71"
"vmware.com","","7/10","6.75"
"dynatrace.com","","7/10","6.54"
"efitechnology.com","","5/10","5.38"
"efilecabinet.com","","6/10","6.19"
"eonreality.com","","6/10","5.82"
"epam.com","","6/10","5.84"
"careers.travelers.com","","5/10","4.93"
"evrythng.com","","6/10","5.63"
"evoice.com","","5/10","5.33"
"jobs.bnymellon.com","","4/10","4.26"
"eastgate.com","","6/10","5.68"
"ibm.com","","8/10","8.11"
"egenera.com","","5/10","4.89"
"eggplantsoftware.com","","5/10","5.04"
"strakertranslations.com","","5/10","4.92"
"empirix.com","","5/10","4.83"
"amplify.com","","6/10","5.7"
"encompass8.com","","4/10","4.28"
"encore.com","","5/10","5.12"
"careers.centerpointenergy.com","","4/10","3.64"
"enertia-software.com","","4/10","4.09"
"engagio.com","","5/10","5.48"
"enigma.com","","6/10","5.56"
"enli.net","","5/10","5"
"enplug.com","","5/10","5.48"
"extremenetworks.com","","6/10","5.51"
"enterprisealumni.com","","5/10","5.44"
"enterprisedb.com","","6/10","5.72"
"divide.com","","5/10","5.09"
"enthought.com","","6/10","5.67"
"entrust.com","","6/10","5.7"
"epic.com","","6/10","5.78"
"epiphanyinc.net","","4/10","4.48"
"nuance.com","","6/10","6.45"
"ericom.com","","6/10","5.7"
"esri.com","","7/10","6.66"
"exelatech.com","","5/10","5.02"
"expensify.com","","6/10","6.19"
"cherwell.com","","5/10","5.28"
"eci.com","","5/10","5.23"
"f5.com","","6/10","6.02"
"fico.com","","6/10","6.04"
"fisglobal.com","","6/10","5.99"
"facebook.com","","10/10","10"
"facilitysource.com","","4/10","4.37"
"falconstor.com","","5/10","5.31"
"fastspring.com","","5/10","5.47"
"fastly.com","","6/10","6.15"
"fatkatspizzeria.com","","4/10","4.02"
"fellowshipone.com","","6/10","5.56"
"fetchsoftworks.com","","6/10","5.56"
"fieldglass.com","","5/10","5.32"
"hugedomains.com","","6/10","6.22"
"figure53.com","","6/10","5.57"
"finalcode.com","","5/10","4.61"
"financialforce.com","","5/10","5.49"
"en.wikipedia.org","","9/10","9.22"
"fiscalnote.com","","6/10","5.53"
"fishbowlinventory.com","","6/10","5.73"
"fixstars.com","","5/10","5.45"
"flexsim.com","","5/10","4.6"
"flexera.com","","6/10","5.5"
"floqast.com","","5/10","5.31"
"flok.com","","5/10","4.92"
"flow3d.com","","5/10","4.7"
"vancopayments.com","","5/10","5.16"
"careers.epic.com","","5/10","5.4"
"fortinet.com","","6/10","6.14"
"fortefoundation.org","","6/10","5.76"
"freewave.com","","5/10","4.78"
"freeflysystems.com","","5/10","5.28"
"fungible.com","","6/10","5.5"
"culture.g2.com","","5/10","4.67"
"emerson.com","","6/10","5.96"
"goinglobal.com","","6/10","5.55"
"gses.com","","5/10","4.7"
"infor.com","","6/10","5.87"
"igt.com","","6/10","5.6"
"gxs.com","","5/10","4.82"
"thegadgetflow.com","","7/10","7.1"
"gazelle.com","","6/10","5.82"
"borisfx.com","","6/10","5.83"
"computerscience.org","","6/10","5.51"
"genesys.com","","6/10","6"
"genuitec.com","","6/10","5.51"
"gesturetek.com","","5/10","5.32"
"amazon.jobs","","6/10","6.24"
"gigmax.com","","4/10","3.86"
"glitch.com","","6/10","6.01"
"globalscape.com","","5/10","5.35"
"glooko.com","","6/10","5.67"
"goguardian.com","","6/10","5.57"
"goldensoftware.com","","5/10","5.05"
"thegoldensource.com","","5/10","5"
"good.com","","6/10","5.51"
"gooddata.com","","6/10","5.63"
"gotobus.com","","6/10","5.76"
"govbizconnect.com","","4/10","3.7"
"goverlan.com","","5/10","4.7"
"grabcad.com","","6/10","5.85"
"grahammagnetics.com","","3/10","2.65"
"grammatech.com","","5/10","5.27"
"graphpad.com","","6/10","5.69"
"graylog.org","","6/10","5.53"
"ghs.com","","6/10","5.52"
"greenhouse.io","","6/10","5.9"
"gridpoint.com","","5/10","5.24"
"acronis.com","","6/10","6.16"
"guidancesoftware.com","","6/10","5.53"
"guidance.com","","5/10","5.04"
"guidewire.com","","6/10","5.51"
"gupshup.io","","5/10","5.47"
"zippia.com","","6/10","5.64"
"www8.hp.com","","7/10","6.71"
"halcyoninc.com","","3/10","2.57"
"lockheedmartinjobs.com","","5/10","5.27"
"harman.com","","6/10","5.91"
"hashicorp.com","","6/10","5.88"
"helionenergy.com","","5/10","5.44"
"helixre.com","","5/10","5.27"
"hellosociety.com","","6/10","5.84"
"key.com","","6/10","5.91"
"helpscout.com","","6/10","5.74"
"helpsystems.com","","5/10","5.42"
"hpe.com","","6/10","6.37"
"hexnode.com","","6/10","5.53"
"highfidelity.com","","6/10","5.5"
"hilgraeve.com","","5/10","4.98"
"hillcrestlabs.com","","5/10","5.38"
"hitachivantara.com","","6/10","5.65"
"bls.gov","","7/10","6.88"
"vidbox.company","","4/10","4.44"
"intelligrated.com","","5/10","5.1"
"hoopla.net","","5/10","5.26"
"hottrix.com","","5/10","4.68"
"hubspot.com","","7/10","7.25"
"hubstaff.com","","6/10","5.82"
"humanyze.com","","5/10","5.48"
"hyland.com","","5/10","5.25"
"hyperlooptt.com","","5/10","4.6"
"logixbanking.com","","5/10","4.58"
"itvjobs.com","","5/10","5.01"
"igearonline.com","","4/10","4.09"
"ibm.com","","8/10","8.11"
"careers.icims.com","","5/10","5.24"
"idroidusa.com","","4/10","3.8"
"banktivity.com","","3/10","3.45"
"imoderate.com","","5/10","4.86"
"iongeo.com","","5/10","5.19"
"iqms.com","","5/10","4.9"
"iris.edu","","6/10","5.66"
"itasoftware.com","","6/10","5.82"
"izotope.com","","6/10","5.88"
"icewarp.com","","6/10","5.62"
"ideascale.com","","6/10","5.68"
"ideracorp.com","","5/10","4.7"
"ilesfay.com","","4/10","4.35"
"imagesourceinc.com","","5/10","5.36"
"impelsys.com","","5/10","4.85"
"imperva.com","","6/10","6.06"
"impinj.com","","6/10","5.55"
"imply.io","","5/10","5.38"
"inmarket.com","","6/10","5.7"
"lockheedmartin.com","","6/10","6.33"
"inedo.com","","6/10","5.61"
"inetsoft.com","","5/10","4.95"
"infinidat.com","","5/10","5.28"
"infosecinstitute.com","","5/10","5.16"
"infogix.com","","6/10","5.56"
"informatica.com","","6/10","5.92"
"ibi.com","","5/10","5.39"
"careers.ingrammicro.com","","4/10","4.08"
"inkling.com","","6/10","6.08"
"careers.insidehighered.com","","5/10","5.09"
"iri.com","","5/10","4.89"
"inovalon.com","","5/10","5.05"
"inphi.com","","5/10","4.94"
"insight.com","","6/10","5.91"
"insight.com","","6/10","5.91"
"insilico.com","","5/10","5.17"
"about.instabase.com","","5/10","4.52"
"instructure.com","","6/10","6.17"
"intego.com","","6/10","5.81"
"ics.com","","5/10","5.48"
"tax.thomsonreuters.com","","6/10","5.85"
"intel.com","","7/10","6.83"
"intelisys.com","","5/10","5.03"
"jobs.intel.com","","5/10","5.32"
"intelliscanner.com","","5/10","4.93"
"intellitrack.com","","4/10","3.88"
"westuc.com","","5/10","5.33"
"intersystems.com","","6/10","5.57"
"intercom.com","","6/10","6.17"
"intergraph.com","","5/10","5.42"
"theladders.com","","6/10","5.96"
"isc.org","","6/10","6.05"
"intervalzero.com","","5/10","5.38"
"intetics.com","","5/10","5.43"
"intuit.com","","6/10","6.18"
"invitemedia.com","","5/10","5.31"
"burning-glass.com","","6/10","5.72"
"ipswitch.com","","6/10","5.87"
"cisco.com","","7/10","7.15"
"iteris.com","","6/10","5.57"
"itron.com","","5/10","5.33"
"thevalueinitiative.org","","5/10","4.62"
"jwplayer.com","","6/10","6.47"
"jackhenry.com","","6/10","5.58"
"jadu.net","","5/10","5.21"
"akamai.com","","6/10","6.47"
"janusvr.com","","5/10","5.46"
"jivesoftware.com","","6/10","5.82"
"jobs.jobvite.com","","6/10","5.77"
"johngalt.com","","4/10","4.49"
"jotform.com","","7/10","6.77"
"dnaspaces.cisco.com","","5/10","4.57"
"jungo.com","","5/10","4.85"
"juniper.net","","6/10","6.24"
"twitch.tv","","8/10","7.95"
"kadenze.com","","6/10","5.51"
"corp.kaltura.com","","6/10","5.95"
"kamakuraco.com","","5/10","5.4"
"kareo.com","","5/10","5.48"
"keap.com","","5/10","5.37"
"kemptechnologies.com","","5/10","5.19"
"kenandy.com","","5/10","5.19"
"gfi.com","","6/10","5.87"
"keyedin.com","","5/10","5.05"
"kineticww.com","","5/10","5.03"
"kinetica.com","","5/10","5.13"
"kineto.com","","5/10","4.81"
"marvell.com","","6/10","5.89"
"kiswe.com","","5/10","4.84"
"knewton.com","","6/10","5.67"
"knightsecurity.com","","5/10","4.74"
"knoa.com","","5/10","5.03"
"knowland.com","","5/10","4.82"
"kofax.com","","6/10","5.85"
"koombea.com","","5/10","5.26"
"kronos.com","","6/10","5.75"
"kurzweiledu.com","","5/10","5.36"
"kx.com","","6/10","5.8"
"leadtools.com","","6/10","6.01"
"leco.com","","6/10","5.5"
"lssdata.com","","4/10","3.94"
"labware.com","","5/10","5.05"
"langan.com","","5/10","5.46"
"languagecomputer.com","","4/10","4.31"
"offices.depaul.edu","","5/10","5.47"
"lattice-engines.com","","5/10","5.36"
"leadspace.com","","5/10","5.18"
"learning.com","","6/10","5.62"
"learningtree.com","","5/10","5.48"
"letgo.com","","6/10","5.74"
"lever.co","","6/10","5.62"
"lrs.com","","5/10","5.15"
"lightspeedsystems.com","","5/10","5.27"
"limnu.com","","5/10","4.87"
"joinhandshake.com","","6/10","5.7"
"lionbridge.com","","6/10","5.5"
"liquidplanner.com","","6/10","5.94"
"liveperson.com","","6/10","6.33"
"liveramp.com","","6/10","6.01"
"livetext.com","","5/10","4.95"
"us.livescribe.com","","5/10","4.89"
"local-matters.org","","5/10","5.11"
"navexglobal.com","","5/10","5.26"
"locustec.com","","4/10","4.46"
"logdna.com","","6/10","5.53"
"logmeininc.com","","6/10","5.84"
"loggly.com","","6/10","5.75"
"logianalytics.com","","5/10","5.25"
"looker.com","","6/10","6.14"
"lucidworks.com","","6/10","5.6"
"lumenvox.com","","4/10","4.48"
"luminex.com","","5/10","4.82"
"lynx.com","","5/10","5.47"
"mlab.com","","6/10","5.65"
"mrisoftware.com","","6/10","5.68"
"madcapsoftware.com","","5/10","5.13"
"magaya.com","","6/10","5.52"
"magicbytes.com","","4/10","3.98"
"magicleap.com","","6/10","6.1"
"magoosh.com","","6/10","5.62"
"wayup.com","","6/10","5.7"
"jobs.malwarebytes.com","","6/10","5.56"
"mapr.agency","","5/10","4.89"
"precisely.com","","5/10","5.2"
"marathonpetroleum.com","","6/10","5.7"
"marinsoftware.com","","6/10","5.92"
"marinersoftware.com","","6/10","5.67"
"marklogic.com","","6/10","6.07"
"marketo.com","","6/10","6.14"
"martiancraft.com","","6/10","5.76"
"masergy.com","","5/10","5.44"
"mastercam.com","","5/10","4.72"
"mathworks.com","","6/10","6.35"
"matroid.com","","5/10","5.26"
"mavenir.com","","5/10","5.43"
"mavtechglobal.com","","5/10","4.98"
"careers.mcafee.com","","5/10","5.03"
"mclaneat.com","","5/10","4.67"
"medallia.com","","6/10","6.22"
"nthrive.com","","6/10","5.53"
"mediadefender.com","","5/10","5.01"
"mediapolis.com","","5/10","5.39"
"medidata.com","","5/10","5.22"
"ehr.meditech.com","","5/10","5.09"
"meridianks.com","","5/10","4.58"
"gc.trimble.com","","4/10","4.41"
"p2energysolutions.com","","5/10","4.64"
"flexera.com","","6/10","5.5"
"redhat.com","","7/10","6.52"
"mi-case.com","","3/10","3.46"
"mi9retail.com","","5/10","5.13"
"mimedia.com","","5/10","5.26"
"microstrategy.com","","6/10","5.94"
"profounder.com","","5/10","5.35"
"microsoft.com","","9/10","8.52"
"dlr.de","","6/10","6.36"
"mindfireinc.com","","5/10","4.68"
"mindtouch.com","","6/10","5.72"
"mindbodyonline.com","","6/10","6.28"
"mindgrub.com","","5/10","5.25"
"mitchell1.com","","5/10","5.06"
"mitchell.com","","5/10","5.2"
"miva.com","","6/10","5.53"
"mixamo.com","","6/10","5.71"
"mobileiron.com","","6/10","5.64"
"mocana.com","","5/10","5.48"
"modeln.com","","5/10","4.88"
"modmed.com","","5/10","5.3"
"modularmining.com","","4/10","4.13"
"monbabysleep.com","","4/10","3.51"
"monetate.com","","6/10","5.64"
"mongodb.com","","6/10","6.06"
"mvista.com","","5/10","5.42"
"moog.careers","","4/10","3.93"
"moovweb.com","","5/10","5.49"
"gomoxie.com","","5/10","5.03"
"mozilla.org","","8/10","8"
"mulesoft.com","","6/10","5.94"
"multicorewareinc.com","","5/10","5.11"
"pianowizardacademy.com","","5/10","4.92"
"smithweb.com","","5/10","4.56"
"ncino.com","","5/10","5.12"
"nettimesolutions.com","","4/10","4.41"
"ngpvan.com","","6/10","5.79"
"namely.com","","6/10","5.79"
"nanex.net","","6/10","5.66"
"narrativescience.com","","6/10","5.93"
"nastel.com","","5/10","5.41"
"nasuni.com","","5/10","5.34"
"nationbuilder.com","","6/10","5.84"
"nativex.com","","6/10","5.51"
"naviance.com","","6/10","5.69"
"search.proquest.com","","6/10","6.3"
"netdocuments.com","","6/10","5.62"
"netmotionsoftware.com","","5/10","5.3"
"netscout.com","","6/10","5.84"
"netsoltech.com","","5/10","5.08"
"netcracker.com","","5/10","5.37"
"netflix.com","","7/10","7.14"
"ncr.com","","6/10","6.02"
"netskope.com","","6/10","5.57"
"ntst.com","","5/10","5.1"
"helpsystems.com","","5/10","5.42"
"audience.ai","","4/10","3.97"
"netwrix.com","","5/10","5.47"
"neurodimension.com","","4/10","3.83"
"newatlanta.com","","5/10","5.08"
"newrelic.com","","7/10","6.54"
"tylertech.com","","6/10","5.82"
"newblueinc.com","","4/10","4.02"
"newtek.com","","6/10","5.95"
"newsblur.com","","7/10","7.27"
"nice.com","","6/10","5.61"
"nextgen.com","","6/10","5.55"
"proofpoint.com","","6/10","6.26"
"app.nimia.com","","5/10","5.28"
"ninenine.com","","4/10","3.82"
"nomagic.com","","5/10","5.26"
"noblesystems.com","","5/10","4.53"
"dhs.gov","","7/10","6.79"
"nortonlifelock.com","","6/10","5.85"
"novastor.com","","5/10","5.06"
"nist.gov","","7/10","6.64"
"nusphere.com","","6/10","5.51"
"nuance.com","","6/10","6.45"
"nuemd.com","","5/10","5.47"
"bmc.com","","6/10","5.9"
"numecent.com","","5/10","4.9"
"numerix.com","","5/10","5.38"
"nuodb.com","","5/10","5.46"
"opex.com","","5/10","4.98"
"osisoft.com","","6/10","5.73"
"objectsecurity.com","","6/10","5.54"
"ois.com","","5/10","5.38"
"oceanhousemedia.com","","6/10","5.74"
"octagoncareers.com","","4/10","3.61"
"oculus.com","","7/10","6.76"
"okta.com","","6/10","6.04"
"webinato.com","","6/10","5.54"
"ondeck.com","","6/10","5.73"
"onanon.com","","4/10","4.01"
"one.laptop.org","","6/10","5.73"
"onelogin.com","","6/10","5.95"
"ontraport.com","","6/10","6.02"
"onyxgfx.com","","5/10","4.93"
"opengarden.com","","6/10","5.81"
"opendatasoft.com","","5/10","5.19"
"eyesopen.com","","6/10","5.5"
"opm.gov","","6/10","6.29"
"optoro.com","","5/10","5.49"
"crash.co","","5/10","5.24"
"overdrive.com","","6/10","6.21"
"overcast.fm","","7/10","7.3"
"plymouth.ac.uk","","6/10","6.16"
"poweradmin.com","","5/10","5.38"
"parc.com","","6/10","5.82"
"pgcareers.com","","6/10","5.51"
"pkware.com","","6/10","5.83"
"pros.com","","5/10","5.36"
"pssclabs.com","","5/10","5.02"
"ptc.com","","6/10","6.13"
"pagerduty.com","","6/10","6.02"
"revenera.com","","5/10","5.41"
"palantir.com","","6/10","6"
"pandadoc.com","","6/10","5.77"
"panic.com","","6/10","6.33"
"panopto.com","","6/10","5.68"
"pantheon.io","","6/10","6.38"
"parallels.com","","6/10","6.49"
"parasoft.com","","6/10","5.64"
"pass-port.com","","4/10","4.39"
"pathguide.com","","5/10","4.9"
"keysight.com","","6/10","5.86"
"pattondesign.com","","4/10","3.71"
"datarobot.com","","6/10","5.57"
"investors.paltalk.com","","4/10","4.14"
"pega.com","","6/10","5.79"
"people-doc.com","","5/10","5.07"
"perforce.com","","6/10","5.88"
"jobs.perkinelmer.com","","4/10","3.92"
"ihs-fusd-ca.schoolloop.com","","4/10","3.79"
"persistent.com","","5/10","5.43"
"cradlepoint.com","","6/10","5.66"
"phase2technology.com","","6/10","5.64"
"phoenix.com","","6/10","5.54"
"phoseon.com","","4/10","4.41"
"photodex.com","","6/10","5.52"
"phreesia.com","","5/10","5.26"
"piazza.com","","6/10","6.06"
"picmonic.com","","5/10","5.36"
"pingidentity.com","","6/10","5.99"
"pingboard.com","","6/10","5.58"
"pioneerelectronics.com","","6/10","5.95"
"pipedrive.com","","6/10","6.45"
"tanzu.vmware.com","","5/10","5.45"
"plangrid.com","","6/10","5.77"
"planview.com","","5/10","5.34"
"support.platfora.com","","4/10","3.66"
"plex.tv","","6/10","6.37"
"plex.com","","5/10","5.27"
"politicit.com","","4/10","4.45"
"polytron.com","","4/10","4.33"
"core.ac.uk","","6/10","6.29"
"shroudoftheavatar.com","","6/10","5.57"
"presonus.com","","6/10","6.06"
"precise-soft.com","","5/10","4.83"
"pmdg.com","","4/10","4.18"
"precisionhawk.com","","5/10","5.42"
"greenwavesystems.com","","5/10","5.48"
"prepme.com","","5/10","5.25"
"upskill.io","","5/10","5.44"
"privatecore.com","","5/10","4.95"
"procore.com","","6/10","5.81"
"essigplm.com","","4/10","4.4"
"profitkey.com","","4/10","3.92"
"progress.com","","6/10","6.09"
"proofpilot.com","","5/10","4.7"
"ops1.com","","4/10","3.65"
"proofpoint.com","","6/10","6.26"
"publicissapient.com","","6/10","5.56"
"punchbowl.com","","6/10","6.35"
"pyze.com","","5/10","5.36"
"qsensei.com","","5/10","4.87"
"qad.com","","5/10","5.41"
"qcware.com","","5/10","5.42"
"qiagen.com","","6/10","5.72"
"qarbon.com","","5/10","5.02"
"qlik.com","","6/10","5.93"
"quakeglobal.com","","4/10","4.17"
"qualtrics.com","","6/10","6.41"
"qualys.com","","6/10","5.89"
"quantum3d.com","","5/10","4.7"
"quantumscape.com","","6/10","5.6"
"quark.com","","6/10","5.66"
"questvisual.com","","6/10","5.64"
"quickbase.com","","6/10","5.64"
"quid.com","","5/10","5.4"
"rigetti.com","","6/10","5.55"
"recsolar.com","","5/10","5.13"
"jobs.rsa.com","","4/10","3.88"
"radview.com","","5/10","5.4"
"radiantlogic.com","","5/10","5.04"
"entercom.com","","6/10","5.86"
"public.railinc.com","","4/10","4.32"
"techmediaguide.com","","5/10","4.58"
"raindance.com","","5/10","5.15"
"rallypoint.com","","6/10","5.61"
"rangenetworks.com","","5/10","4.95"
"rapidsos.com","","6/10","5.56"
"raxco.com","","5/10","5.1"
"linkedin.com","","10/10","10"
"razlee.com","","4/10","4.04"
"razorthreat.com","","4/10","3.88"
"reserveinteractive.com","","4/10","4.38"
"ready4.com","","6/10","5.61"
"realnetworks.com","","6/10","6.11"
"realpage.com","","6/10","5.75"
"waystar.com","","5/10","5.02"
"recordedfuture.com","","6/10","5.87"
"redcedartech.com","","4/10","4.28"
"redtouchmedia.com","","5/10","5.25"
"redwingsoftware.com","","5/10","4.59"
"redcort.com","","5/10","5.16"
"rediker.com","","6/10","5.6"
"remobjects.com","","6/10","5.71"
"rememberthemilk.com","","6/10","6.2"
"renderx.com","","5/10","5.4"
"replaysolutions.com","","5/10","4.61"
"smartglass.com","","5/10","4.91"
"retailsolutions.com","","5/10","5.03"
"retailmenot.com","","6/10","6.1"
"retinax.com","","5/10","4.82"
"microsoft.com","","9/10","8.52"
"revolutionprep.com","","5/10","5.11"
"about.rewardstyle.com","","5/10","4.72"
"reyrey.com","","5/10","4.92"
"rhythmone.com","","6/10","5.92"
"rightsignature.com","","6/10","5.62"
"ripcord.com","","5/10","5.05"
"ripple.com","","6/10","6.46"
"riskiq.com","","6/10","5.92"
"rocketium.com","","5/10","5.38"
"ropertech.com","","6/10","5.59"
"rosettastone.com","","6/10","6.09"
"roxio.com","","6/10","5.8"
"rubicon.com","","5/10","4.92"
"rxalldelivered.com","","4/10","3.69"
"ariba.com","","6/10","5.58"
"concur.com","","6/10","5.81"
"sap.com","","7/10","6.87"
"sas.com","","7/10","6.5"
"thelevelup.com","","6/10","5.77"
"7plus.com.au","","6/10","5.84"
"us.sios.com","","6/10","5.58"
"sli-systems.com","","5/10","5"
"jobs.spscommerce.com","","4/10","3.61"
"ssctech.com","","5/10","5.27"
"roboticstomorrow.com","","6/10","5.52"
"thalesgroup.com","","6/10","6.16"
"salesforce.com","","7/10","7.49"
"salesforce.com","","7/10","7.49"
"sanctuarygraduates.co.uk","","4/10","4.1"
"sansar.com","","5/10","5.31"
"sri.com","","6/10","6.2"
"saucelabs.com","","6/10","5.86"
"sawtoothsoftware.com","","6/10","5.9"
"scality.com","","6/10","5.65"
"scalyr.com","","5/10","5.43"
"thinksai.com","","6/10","5.56"
"scaitul.com","","-","-"
"seagate.com","","6/10","6.4"
"sealevel.com","","5/10","5.38"
"foxcareers.com","","5/10","5.08"
"securustech.net","","6/10","5.63"
"seeclickfix.com","","6/10","5.98"
"seersystems.com","","5/10","4.82"
"seismic.com","","5/10","5.2"
"selfcad.com","","5/10","5.39"
"semantic-ai.com","","4/10","4.17"
"lexalytics.com","","5/10","5.17"
"sendgrid.com","","7/10","6.55"
"sensage.com","","5/10","4.85"
"servicenow.com","","6/10","5.64"
"shipworks.com","","5/10","5.16"
"shopkeep.com","","6/10","5.51"
"shopkick.com","","6/10","5.83"
"jobs.siemens.com","","5/10","5.12"
"splunk.com","","6/10","6.47"
"silkroadtechnology.com","","5/10","5.13"
"cpsenergy.com","","6/10","5.54"
"singlewire.com","","5/10","5.07"
"sirsidynix.com","","6/10","5.65"
"limeade.com","","5/10","5.29"
"skyhook.com","","5/10","5.15"
"skytap.com","","5/10","5.24"
"skyward.com","","6/10","5.6"
"slack.com","","7/10","7.31"
"slicelife.com","","6/10","5.76"
"smarsh.com","","5/10","5.19"
"smartface.io","","5/10","5.1"
"smartsheet.com","","6/10","6.38"
"smithmicro.com","","5/10","5.32"
"snagajob.com","","6/10","6.1"
"snapforce.com","","4/10","4.4"
"meetsnappy.com","","5/10","5.02"
"socialchorus.com","","5/10","5.48"
"softwareshelf.com","","5/10","4.62"
"sogosurvey.com","","5/10","5.47"
"sogosurvey.com","","5/10","5.47"
"solarwinds.com","","6/10","5.98"
"soliddocuments.com","","5/10","5.1"
"solidcore.co","","5/10","5.27"
"mentor.com","","6/10","5.86"
"solopower.com","","5/10","4.92"
"careers.sonicdrivein.com","","4/10","4.48"
"sonicfoundry.com","","5/10","5.42"
"sonicreality.com","","5/10","4.96"
"sonicwall.com","","6/10","6.23"
"sopheon.com","","5/10","5.06"
"sorcim.com","","4/10","4.1"
"sorensonmedia.com","","6/10","5.72"
"spacemicro.com","","5/10","4.54"
"spatial.com","","5/10","5.43"
"spectralgenomics.com","","4/10","3.73"
"speechfxinc.com","","5/10","4.66"
"studentuniverse.com","","6/10","5.52"
"splendidcrm.com","","5/10","5.03"
"splicemachine.com","","5/10","5.14"
"splunk.com","","6/10","6.47"
"spring.io","","6/10","6.08"
"sqlstream.com","","5/10","5.35"
"square-9.com","","5/10","4.67"
"stackify.com","","6/10","5.71"
"starwindsoftware.com","","6/10","5.55"
"hobsons.com","","5/10","5.44"
"stash.com","","6/10","5.58"
"statease.com","","5/10","4.55"
"statsols.com","","5/10","5.38"
"steelconnectinc.com","","3/10","3.47"
"gilfuseducationgroup.com","","5/10","5.38"
"stepstoneglobal.com","","5/10","4.65"
"content.stocktrak.com","","4/10","3.91"
"stradaeducation.org","","6/10","5.5"
"strongloop.com","","5/10","5.47"
"sugarcrm.com","","6/10","6.06"
"www1.sugarsync.com","","5/10","4.54"
"oracle.com","","7/10","7.28"
"sunquestinfo.com","","5/10","4.76"
"support.com","","6/10","5.59"
"swappa.com","","6/10","5.73"
"swiftype.com","","6/10","5.73"
"symphonicsource.com","","5/10","4.91"
"3ds.com","","6/10","6.2"
"synacor.com","","6/10","5.6"
"precisely.com","","5/10","5.2"
"synergysports.com","","4/10","4.17"
"taltech.com","","5/10","4.82"
"teoco.com","","5/10","4.74"
"tibco.com","","6/10","6.14"
"oracle.com","","7/10","7.28"
"tz.net","","4/10","4.19"
"tableau.com","","7/10","6.64"
"tacitknowledge.com","","5/10","5.09"
"tactician.com","","4/10","3.91"
"oracle.com","","7/10","7.28"
"talkdesk.com","","6/10","5.74"
"talygen.com","","5/10","5.38"
"tavant.com","","5/10","4.79"
"tealium.com","","6/10","6.02"
"techdata.com","","6/10","5.51"
"techchange.org","","6/10","5.77"
"techsmith.com","","7/10","6.58"
"teksystems.com","","6/10","5.75"
"telenav.com","","6/10","5.82"
"teletype.com","","5/10","4.65"
"televideo.com","","4/10","4.28"
"telerik.com","","6/10","6.43"
"telligent.com","","6/10","5.58"
"telmar.com","","5/10","4.5"
"verizonconnect.com","","6/10","5.67"
"tenasys.com","","4/10","4.23"
"tenable.com","","6/10","6.02"
"terra.edu","","5/10","4.5"
"careers.teradata.com","","4/10","4.42"
"terracotta.org","","5/10","5.47"
"cloudfastpath.com","","5/10","5.34"
"tescra.com","","4/10","4.33"
"microfocus.com","","6/10","6.15"
"affordablecollegesonline.org","","6/10","5.71"
"students.tufts.edu","","5/10","5.41"
"dailyhive.com","","6/10","5.94"
"no.co","","5/10","5.02"
"omnigroup.com","","6/10","6.07"
"thebrain.com","","6/10","5.58"
"thoughtspot.com","","6/10","5.72"
"thoughtworks.com","","6/10","6.19"
"corporate.thryv.com","","5/10","4.73"
"thunderstone.com","","5/10","4.86"
"jobs.ticketmaster.com","","5/10","5.15"
"timesys.com","","5/10","5.4"
"tippingpoint.org","","6/10","5.52"
"pos.toasttab.com","","6/10","5.9"
"tokenex.com","","5/10","5.02"
"tomsawyer.com","","5/10","4.84"
"shopus.furbo.com","","6/10","5.66"
"toonimo.com","","5/10","5.04"
"townnews.com","","5/10","5.13"
"tracking-point.com","","5/10","5.31"
"tractionsoftware.com","","5/10","5.27"
"translattice.com","","5/10","5.05"
"centralsquare.com","","5/10","4.66"
"tricentis.com","","5/10","5.44"
"trilogy.com","","5/10","4.71"
"tripadvisor.com","","7/10","7.46"
"tripplite.com","","6/10","5.66"
"tripwire.com","","6/10","5.87"
"trumpia.com","","5/10","5.46"
"advertising.adobe.com","","4/10","3.85"
"tufin.com","","5/10","5.39"
"tumblr.com","","8/10","7.78"
"turbonomic.com","","5/10","5.24"
"twocanoes.com","","5/10","5.49"
"ukg.com","","5/10","4.52"
"unicomglobal.com","","5/10","5.38"
"unicomgov.com","","4/10","4.05"
"usfleettracking.com","","5/10","5.06"
"ust-global.com","","5/10","5.39"
"uipath.com","","6/10","5.79"
"ultimatesoftware.com","","6/10","5.5"
"guru.com","","6/10","6.25"
"univa.com","","6/10","5.58"
"uaudio.com","","6/10","5.86"
"oled.com","","5/10","4.79"
"universal-robots.com","","6/10","5.81"
"usatinemedia.com","","6/10","5.73"
"userland.com","","6/10","5.59"
"uservoice.com","","6/10","5.75"
"utimaco.com","","5/10","5.17"
"via3.com","","5/10","4.9"
"vmware.com","","7/10","6.75"
"lithiumwerks.com","","5/10","4.82"
"veeam.com","","6/10","5.97"
"veeva.com","","5/10","5.49"
"velaro.com","","5/10","5.01"
"elliemae.com","","5/10","5.33"
"venafi.com","","5/10","5.35"
"netsuite.com","","6/10","6.11"
"veracode.com","","6/10","5.87"
"verdantpower.com","","5/10","5.21"
"veriato.com","","5/10","5.06"
"verix.com","","4/10","4.44"
"public.vtinfo.com","","4/10","4.02"
"versata.com","","5/10","4.58"
"esentire.com","","5/10","5.1"
"vesess.com","","5/10","5.15"
"vicarious.com","","5/10","5.39"
"videologygroup.com","","6/10","5.71"
"view.com","","6/10","5.67"
"virginhyperloop.com","","5/10","4.78"
"vmware.com","","7/10","6.75"
"virtu.com","","5/10","5.23"
"virtusa.com","","5/10","5.18"
"virtutech.com","","5/10","4.72"
"visotekinc.com","","4/10","3.51"
"knowlabs.co","","5/10","4.58"
"vitotechnology.com","","6/10","5.79"
"vlingo.io","","5/10","4.96"
"cision.com","","6/10","5.94"
"dolby.io","","5/10","4.73"
"vuze.com","","6/10","6.01"
"wandisco.com","","6/10","5.51"
"wso2.com","","6/10","5.65"
"walkerdigital.com","","5/10","5.41"
"wanderu.com","","6/10","5.82"
"wasabi.com","","6/10","5.6"
"web.com","","6/10","5.64"
"webassist.com","","5/10","5.4"
"webroot.com","","6/10","6.08"
"antheminc.com","","5/10","5.49"
"wellspring.com","","5/10","5.19"
"whatsapp.com","","7/10","7.08"
"wheresweed.com","","5/10","5.09"
"wibidata.com","","5/10","5.47"
"widen.com","","6/10","5.59"
"willdan.com","","5/10","4.74"
"broadcom.com","","6/10","5.99"
"windriver.com","","6/10","5.8"
"windwardstudios.com","","5/10","5.41"
"wolfram.com","","6/10","6.31"
"workday.com","","6/10","5.96"
"workfront.com","","6/10","5.81"
"workiva.com","","5/10","5.47"
"workspace.com","","4/10","4.07"
"worldox.com","","5/10","4.71"
"wrightsoft.com","","5/10","4.75"
"wrike.com","","7/10","6.52"
"write-bros.com","","5/10","4.5"
"ximxim.com","","5/10","5.03"
"veracitynetwork.com","","-","-"
"xactlycorp.com","","5/10","5.25"
"digital.ai","","5/10","5"
"xinuos.com","","5/10","5.42"
"yalochat.com","","5/10","4.81"
"yapme.com","","5/10","4.81"
"zspace.com","","5/10","5.37"
"zello.com","","6/10","6.07"
"zend.com","","6/10","6.45"
"zendesk.com","","7/10","6.71"
"zeroc.com","","5/10","5.24"
"jrebel.com","","5/10","5.02"
"dnx.com","","4/10","4.4"
"zoom.us","","8/10","7.52"
"zscaler.com","","6/10","5.98"
"zuora.com","","6/10","6.01"
"zylab.com","","5/10","4.77"
"zsl.com","","5/10","5.39"
"agilent.com","","6/10","5.61"
"packagingcorp.com","","5/10","5.14"
"incyte.com","","5/10","5.26"
"carrier.com","","6/10","5.97"
"riteaid.com","","6/10","5.99"
"aa.com","","7/10","6.63"
"americanexpress.com","","7/10","6.81"
"corporate.lowes.com","","5/10","5.46"
"appliedmaterials.com","","6/10","5.72"
"ncr.com","","6/10","6.02"
"shop.advanceautoparts.com","","6/10","5.78"
"kla-tencor.com","","5/10","5.17"
"propel.delta.com","","5/10","4.85"
"aresmgmt.com","","6/10","5.6"
"pseg.com","","6/10","5.66"
"spglobal.com","","6/10","6.32"
"nisource.com","","5/10","5.37"
"abbvie.com","","6/10","5.98"
"amerisourcebergen.com","","6/10","5.62"
"mynycb.com","","5/10","5.19"
"careers.core-mark.com","","4/10","4.31"
"unitedhealthgroup.com","","6/10","5.86"
"mohawkind.com","","5/10","5.15"
"northerntrust.com","","6/10","5.93"
"masconomet.org","","5/10","4.58"
"vrtx.com","","6/10","5.54"
"bankofamerica.com","","6/10","6.42"
"conagrabrands.com","","6/10","5.66"
"careers.caesars.com","","4/10","4.01"
"duke-energy.com","","6/10","6.01"
"cmegroup.com","","6/10","6.33"
"southerncompany.com","","6/10","5.88"
"gilead.avature.net","","4/10","4.24"
"sbasite.com","","5/10","4.91"
"realtyincome.com","","5/10","5.14"
"otis.com","","6/10","5.69"
"aecom.com","","6/10","6.07"
"lamresearch.com","","5/10","5.23"
"centene.com","","5/10","5.39"
"labcorp.com","","6/10","5.91"
"alexion.com","","5/10","5.25"
"equityapartments.com","","6/10","5.68"
"careers.carmax.com","","4/10","4.15"
"unitedrentals.com","","6/10","5.74"
"careers.msci.com","","4/10","4.04"
"zoetis.com","","6/10","5.86"
"vno.com","","6/10","5.69"
"csx.com","","6/10","5.66"
"motorolasolutions.com","","6/10","5.74"
"analog.com","","6/10","6.07"
"careers.regeneron.com","","5/10","4.96"
"hologic.com","","6/10","5.75"
"alnylam.com","","6/10","5.64"
"jobs.adp.com","","5/10","5"
"newscorp.com","","6/10","5.99"
"invesco.com","","6/10","5.88"
"republicservices.com","","6/10","5.55"
"capitalone.com","","6/10","6.39"
"ameren.com","","6/10","5.84"
"fnb-online.com","","6/10","5.64"
"nucor.com","","6/10","5.63"
"ncl.com","","6/10","6.15"
"lfg.com","","6/10","5.5"
"afginc.com","","5/10","5.06"
"truist.com","","6/10","5.58"
"idexcorp.com","","5/10","5.07"
"aflac.com","","6/10","6.01"
"cigna.com","","6/10","6.16"
"careers.resmed.com","","4/10","4.15"
"snapon.com","","5/10","5.21"
"thecloroxcompany.com","","6/10","5.73"
"amgen.com","","6/10","5.93"
"mcdonalds.com","","6/10","6.44"
"chrobinson.com","","6/10","5.64"
"walmart.com","","7/10","7.08"
"kindermorgan.com","","6/10","5.7"
"drhorton.com","","5/10","5.45"
"us.etrade.com","","6/10","5.98"
"pge.com","","6/10","6.27"
"bookingholdings.com","","5/10","5.13"
"rtx.com","","6/10","5.5"
"bostonproperties.com","","5/10","5.47"
"hcahealthcare.com","","6/10","5.75"
"jbhunt.com","","5/10","5.41"
"aig.com","","6/10","6.2"
"jobs.dxc.technology","","4/10","4.33"
"honeywell.com","","6/10","6.09"
"careers.mondelezinternational.com","","5/10","4.68"
"crucial.com","","6/10","5.83"
"merck.com","","6/10","6.19"
"jobs.assurant.com","","4/10","4.24"
"dukerealty.com","","5/10","4.9"
"airleasecorp.com","","6/10","5.57"
"jobs.aligntech.com","","4/10","4.3"
"quantaservices.com","","5/10","5.46"
"careers.alaskaair.com","","4/10","4.2"
"allstate.com","","6/10","6.3"
"ally.com","","6/10","5.9"
"verizon.com","","7/10","6.63"
"jacobs.com","","6/10","5.6"
"www3.mtb.com","","4/10","4.37"
"markel.com","","5/10","4.65"
"tdameritrade.com","","6/10","6.16"
"arista.com","","6/10","5.67"
"jobs.amd.com","","5/10","5.4"
"careers.ametek.com","","4/10","3.58"
"morganstanley.com","","6/10","6.33"
"prudential.com","","6/10","6.03"
"ameriprise.com","","6/10","5.84"
"americantower.com","","5/10","5.21"
"usbank.com","","6/10","6.21"
"autonation.com","","6/10","5.75"
"americannational.com","","5/10","5.42"
"lennar.com","","6/10","5.97"
"key.com","","6/10","5.91"
"careers.heicocompanies.com","","4/10","3.67"
"airproducts.com","","6/10","5.9"
"careers.lb.com","","5/10","4.72"
"amphenol.com","","5/10","5.09"
"avaloncommunities.com","","6/10","5.52"
"up.com","","6/10","5.71"
"globalpaymentsinc.com","","6/10","5.73"
"careers.eogresources.com","","4/10","3.96"
"jobs.comcast.com","","5/10","5.38"
"are.com","","5/10","5.21"
"invh.com","","4/10","4.36"
"ziprecruiter.com","","6/10","6.27"
"aramark.com","","6/10","5.8"
"biogen.com","","6/10","5.91"
"careers.arrow.com","","4/10","4.36"
"leidos.com","","6/10","5.56"
"careers.stryker.com","","5/10","4.6"
"nvrcareers.com","","4/10","4.33"
"dupont.com","","6/10","6.19"
"crowncork.com","","5/10","5.45"
"take2games.com","","6/10","5.98"
"careers.autozone.com","","5/10","4.5"
"careers.iff.com","","5/10","5.06"
"atmosenergy.com","","5/10","5.29"
"alticeusa.com","","6/10","5.78"
"activisionblizzard.com","","6/10","5.59"
"huntington.com","","6/10","6.02"
"deere.com","","6/10","6.2"
"careers.davita.com","","5/10","4.74"
"corteva.com","","6/10","5.71"
"edison.com","","6/10","5.7"
"avnet.com","","6/10","5.77"
"averydennison.com","","5/10","5.37"
"cvshealth.com","","6/10","6.04"
"amwater.com","","6/10","5.52"
"discover.com","","6/10","6.28"
"careers.questdiagnostics.com","","4/10","4.27"
"baxter.com","","6/10","5.82"
"yum.com","","6/10","6"
"netapp.com","","6/10","6.28"
"boeing.com","","7/10","6.55"
"blackrock.com","","6/10","6.2"
"boozallen.com","","6/10","6.16"
"firsthorizon.com","","5/10","5.37"
"tesla.com","","7/10","6.68"
"murphyoilcorp.com","","5/10","5.43"
"uber.com","","7/10","6.94"
"careers.jpmorgan.com","","6/10","5.68"
"metlife.com","","6/10","5.98"
"united.com","","7/10","6.65"
"bestbuy-jobs.com","","5/10","5.17"
"qualcomm.com","","6/10","6.45"
"biomarin.com","","6/10","5.5"
"wellsfargo.com","","6/10","6.45"
"bd.com","","6/10","5.82"
"tractorsupply.jobs","","5/10","4.57"
"franklintempleton.com","","6/10","5.77"
"roku.com","","6/10","6.29"
"ups.com","","7/10","6.99"
"berryglobal.com","","5/10","5.02"
"brown-forman.com","","6/10","5.66"
"bnymellon.com","","6/10","5.86"
"investor.bokf.com","","4/10","4.38"
"thekrogerco.com","","6/10","5.68"
"lumen.com","","5/10","4.95"
"firstrepublic.com","","6/10","5.85"
"copart.com","","6/10","5.63"
"usfoods.com","","5/10","5.39"
"brighthousefinancial.com","","5/10","4.81"
"bhhc.com","","5/10","5.03"
"mgmresorts.com","","6/10","5.88"
"nasdaq.com","","7/10","6.6"
"careers.bjs.com","","4/10","4.47"
"bakerhughes.com","","6/10","5.56"
"internationalpaper.com","","6/10","5.63"
"steeldynamics.com","","5/10","5.12"
"careers.comerica.com","","4/10","3.79"
"principal.com","","6/10","5.64"
"bms.com","","6/10","5.89"
"wfscorp.com","","5/10","5.09"
"unfi.com","","5/10","5.45"
"bostonscientific.com","","6/10","5.9"
"hertz.com","","6/10","6.21"
"simon.com","","6/10","6.08"
"broadridge.com","","6/10","5.72"
"tysonfoods.com","","6/10","5.77"
"brown.edu","","7/10","6.5"
"exeloncorp.com","","6/10","5.93"
"oneok.com","","5/10","5.12"
"jobs.danaher.com","","5/10","5.1"
"burlington.com","","5/10","5.22"
"entergy.com","","6/10","5.66"
"borgwarner.com","","6/10","5.66"
"citigroup.com","","6/10","6.11"
"cardinalhealth.com","","6/10","5.75"
"nvidia.com","","7/10","6.7"
"avisbudgetgroup.com","","6/10","5.65"
"chs.net","","6/10","5.73"
"ge.com","","6/10","6.48"
"gm.com","","6/10","6.14"
"cinfin.com","","5/10","5.24"
"careers.pnc.com","","4/10","4.24"
"cbre.us","","6/10","5.82"
"coca-cola.com","","6/10","6.09"
"crowncastle.com","","5/10","5.45"
"cabotog.com","","5/10","5.22"
"fiserv.com","","6/10","5.96"
"cdw.com","","6/10","6.04"
"dexcom.com","","6/10","5.92"
"celanese.com","","5/10","5.47"
"southwest.com","","6/10","6.48"
"westernunion.com","","6/10","6.1"
"monsterbevcorp.com","","5/10","5.41"
"ussteel.com","","6/10","5.71"
"careers.fedex.com","","5/10","5.41"
"jobs.citizensbank.com","","5/10","5.19"
"frostbank.com","","6/10","5.61"
"churchdwight.com","","5/10","5.46"
"chk.com","","6/10","5.75"
"cummins.com","","6/10","6.01"
"jobs.spectrum.com","","5/10","5.13"
"cintas.com","","5/10","5.42"
"chewy.com","","6/10","6.17"
"kcsouthern.com","","6/10","5.54"
"cit.com","","6/10","5.58"
"colgatepalmolive.com","","6/10","5.61"
"idexx.com","","6/10","5.57"
"rossstores.com","","6/10","5.73"
"clr.com","","5/10","5.08"
"newmont.com","","6/10","5.58"
"chipotle.com","","6/10","5.92"
"cmsenergy.com","","5/10","5.05"
"cnoinc.com","","5/10","4.96"
"centerpointenergy.com","","6/10","5.65"
"jobs.ecolab.com","","5/10","5.07"
"coopercos.com","","5/10","5.01"
"conocophillips.com","","6/10","5.75"
"costco.com","","7/10","6.58"
"coty.com","","6/10","5.65"
"macys.com","","6/10","6.32"
"careers.campbellsoupcompany.com","","4/10","4.49"
"cheniere.com","","6/10","5.61"
"tiffany.com","","6/10","5.99"
"dish.com","","6/10","5.95"
"dollargeneral.com","","6/10","5.87"
"costargroup.com","","5/10","5.44"
"aboutschwab.com","","6/10","5.77"
"cognizant.com","","6/10","6.06"
"dovercorporation.com","","5/10","5.06"
"careers.chevron.com","","5/10","4.75"
"pinnaclewest.com","","5/10","5.15"
"humana.com","","6/10","6.14"
"dominionenergy.com","","6/10","5.75"
"howmet.com","","5/10","4.54"
"dollartree.com","","6/10","5.99"
"pxd.com","","5/10","5.2"
"xpo.com","","5/10","5.3"
"digitalrealty.com","","6/10","5.68"
"westerndigital.com","","6/10","5.66"
"dominos.com","","6/10","6.2"
"darden.com","","6/10","5.51"
"newlook.dteenergy.com","","5/10","5.23"
"pvh.com","","6/10","5.76"
"ea.com","","7/10","6.65"
"fortive.com","","5/10","5.19"
"modernatx.com","","6/10","5.77"
"ebay.com","","8/10","7.98"
"coned.com","","6/10","6.03"
"equifax.com","","6/10","6.02"
"viciproperties.com","","5/10","4.99"
"welltower.com","","5/10","5.09"
"phillips66.com","","6/10","5.81"
"paycom.com","","6/10","5.69"
"eastman.com","","6/10","5.71"
"careers.lilly.com","","5/10","4.64"
"healthpeak.com","","5/10","4.78"
"equitable.com","","5/10","5.16"
"equinix.com","","6/10","6.02"
"eversource.com","","5/10","5.41"
"essexapartmenthomes.com","","5/10","5.12"
"eastwestbank.com","","5/10","5.36"
"ti.com","","6/10","6.21"
"careers.huntingtoningalls.com","","4/10","3.93"
"evergy.com","","5/10","5.39"
"edwards.com","","6/10","5.63"
"expeditors.com","","5/10","5.47"
"expediagroup.com","","6/10","5.56"
"extraspace.com","","6/10","5.62"
"iheartmedia.com","","6/10","5.78"
"ford.com","","6/10","6.48"
"firstam.com","","6/10","5.6"
"diamondbackenergy.com","","5/10","4.97"
"fastenal.com","","6/10","5.75"
"careers.homedepot.com","","6/10","5.7"
"troweprice.com","","6/10","5.69"
"frontier-careers.com","","4/10","3.95"
"fcx.com","","6/10","5.54"
"unum.com","","6/10","5.78"
"firstenergycorp.com","","6/10","5.78"
"hormelfoods.com","","6/10","5.58"
"53.com","","6/10","5.85"
"footlocker.com","","6/10","5.95"
"careers.fleetcor.com","","4/10","3.6"
"prosperitybankusa.com","","5/10","5.23"
"fmc.com","","6/10","5.59"
"tcfbank.com","","6/10","5.75"
"fnf.com","","5/10","5.22"
"pfgc.com","","5/10","5.12"
"goldmansachs.com","","6/10","6.34"
"gdmissionsystems.com","","5/10","5.46"
"jobs.sears.com","","5/10","5.29"
"careers.generalmills.com","","5/10","4.9"
"careers.globelifeinsurance.com","","5/10","4.85"
"starwoodcapital.com","","6/10","5.69"
"genworth.com","","6/10","5.95"
"genpt.com","","5/10","5.08"
"goodyear.com","","6/10","5.84"
"jobs.grainger.com","","4/10","4.45"
"careers.hyatt.com","","5/10","5.11"
"halliburton.com","","6/10","5.98"
"shop.hasbro.com","","6/10","5.69"
"careers.twitter.com","","6/10","5.62"
"hollyfrontier.com","","5/10","5.32"
"thehartford.com","","6/10","6.07"
"henryschein.com","","5/10","5.41"
"hosthotels.com","","5/10","5.26"
"thehersheycompany.com","","6/10","5.93"
"huntsman.com","","6/10","5.62"
"odfl.com","","6/10","5.95"
"regions.com","","6/10","6.09"
"interactivebrokers.com","","6/10","6.08"
"tenneco.com","","5/10","5.11"
"theice.com","","6/10","6.14"
"medicalpropertiestrust.com","","5/10","4.78"
"voya.com","","6/10","5.72"
"illumina.com","","6/10","6.04"
"stonex.com","","4/10","4.37"
"interpublic.com","","6/10","5.72"
"iqvia.com","","6/10","5.78"
"verisign.com","","7/10","6.74"
"intuitive.com","","6/10","5.68"
"marriott.com","","7/10","6.88"
"careers.itw.com","","4/10","3.93"
"jetblue.com","","6/10","6.28"
"jnj.com","","6/10","6.27"
"jefferies.com","","6/10","5.62"
"raymondjames.com","","6/10","5.73"
"us.jll.com","","6/10","5.83"
"navient.com","","6/10","5.72"
"nordstrom.com","","6/10","6.06"
"keurigdrpepper.com","","5/10","5.44"
"keysight.com","","6/10","5.86"
"kraftheinzcompany.com","","6/10","5.54"
"careersatkc.com","","4/10","4.49"
"nike.com","","7/10","6.92"
"kohls.com","","6/10","6.27"
"textron.com","","6/10","5.62"
"libertybroadband.com","","5/10","4.77"
"l3harris.com","","5/10","5.4"
"careers.xilinx.com","","4/10","4.05"
"lkqcorp.com","","6/10","5.56"
"maac.com","","5/10","4.81"
"alliantenergy.com","","5/10","5.48"
"sands.com","","6/10","5.62"
"lambweston.com","","5/10","5.34"
"livenationentertainment.com","","6/10","5.79"
"mastercard.us","","6/10","6.21"
"careers.microchip.com","","4/10","4.1"
"mckesson.com","","6/10","5.83"
"mccormickcorporation.com","","6/10","5.64"
"marketaxess.com","","5/10","4.91"
"martinmarietta.com","","5/10","5.22"
"mmc.com","","6/10","5.72"
"freddiemac.com","","6/10","6.09"
"3m.com","","6/10","6.32"
"altria.com","","6/10","5.79"
"molinahealthcare.com","","6/10","5.62"
"marathonoil.com","","5/10","5.31"
"mtch.com","","5/10","5.24"
"mt.com","","5/10","5.48"
"murphyusa.com","","5/10","5.05"
"annaly.com","","5/10","5.14"
"maximintegrated.com","","6/10","6.08"
"valero.com","","6/10","5.7"
"nexteraenergy.com","","6/10","5.81"
"targaresources.com","","5/10","4.98"
"paccar.com","","6/10","5.59"
"northropgrumman.com","","6/10","6.1"
"nrg.com","","6/10","5.5"
"nscorp.com","","6/10","5.56"
"newellbrands.com","","5/10","5.23"
"omnicomgroup.com","","6/10","5.55"
"onemainfinancial.com","","5/10","4.94"
"publicstoragejobs.com","","4/10","3.85"
"corporate.oreillyauto.com","","6/10","5.66"
"tjx.com","","6/10","5.66"
"ovintiv.com","","5/10","4.99"
"oxy.com","","6/10","5.77"
"penskeautomotive.com","","5/10","5.22"
"paypal.com","","8/10","8.44"
"paloaltonetworks.com","","6/10","6.11"
"wpcarey.com","","5/10","5.33"
"paychex.com","","6/10","5.96"
"peoples.com","","5/10","5.3"
"pbfenergy.com","","5/10","5.11"
"pepsicojobs.com","","5/10","5.24"
"westrock.com","","5/10","5.36"
"pg.com","","6/10","6.3"
"parker.com","","6/10","6.2"
"pultegroupinc.com","","5/10","5.18"
"prologis.com","","6/10","5.53"
"pmi.com","","6/10","5.8"
"ulta.com","","6/10","6.38"
"qurateretailgroup.com","","5/10","5.13"
"royalcaribbeangroup.com","","4/10","3.81"
"rgare.com","","6/10","5.65"
"weyerhaeuser.com","","6/10","5.53"
"zebra.com","","6/10","6.12"
"careers.ralphlauren.com","","4/10","4.26"
"ringcentral.com","","6/10","6.11"
"rsac.com","","5/10","5.04"
"svb.com","","6/10","5.7"
"signatureny.com","","6/10","5.6"
"starbucks.com","","7/10","6.68"
"jobs.thermofisher.com","","5/10","5.18"
"synnexcorp.com","","6/10","5.78"
"stifel.com","","5/10","5.38"
"seagen.com","","5/10","5.38"
"careers.sherwin-williams.com","","5/10","4.53"
"slb.com","","6/10","5.93"
"synovus.com","","5/10","5.17"
"spiritaero.com","","5/10","5.15"
"sempra.com","","6/10","5.76"
"cbrands.com","","6/10","5.6"
"stanleyblackanddecker.com","","6/10","5.9"
"synchronycareers.com","","4/10","4.43"
"transdigm.com","","5/10","5.12"
"teledyne.com","","5/10","5.42"
"jobs.teradyne.com","","4/10","3.54"
"teleflex.com","","5/10","5.42"
"tenethealth.com","","5/10","5.36"
"tollbrothers.com","","5/10","5.46"
"transunion.com","","6/10","6.14"
"careers.ugicorp.com","","5/10","5.08"
"vulcanmaterials.com","","6/10","5.52"
"viacomcbs.careers","","5/10","4.51"
"verisk.com","","6/10","5.79"
"wayfair.com","","7/10","6.58"
"loanpal.com","","5/10","4.61"
"walgreensbootsalliance.com","","6/10","5.66"
"wecenergygroup.com","","5/10","5.49"
"westlake.com","","5/10","5.44"
"wintrust.com","","5/10","5.28"
"wynnresorts.com","","5/10","5.46"
"xcelenergy.com","","6/10","5.74"
"corporate.exxonmobil.com","","6/10","6.11"
"xerox.com","","6/10","6.21"
"zimmerbiomet.com","","6/10","5.64"
"careers.zionsbank.com","","4/10","3.89"